units,batch_size,activation,val_loss
275,128,sigmoid,0.7348591089248657
300,128,tanh,0.7526059150695801
300,96,sigmoid,0.7514132857322693
