units,batch_size,activation,val_loss
175,96,tanh,0.7827385067939758
185,128,tanh,0.7471164464950562
260,112,tanh,0.7207174897193909
