units,batch_size,activation,val_loss
280,32,relu,0.9481135010719299
290,32,relu,0.8807659149169922
110,80,sigmoid,0.9969984292984009
